{
  "models": [
    {
      "model": "llama3.1-8b-ollama",
      "on": {
        "I": 1.3014810683874343,
        "V": 0.8333333333333334,
        "s": 3.9971111111111113,
        "calls": 0.9444444444444444,
        "V_per_s": 0.20848390504253073,
        "V_per_call": 0.8823529411764707,
        "n": 18
      },
      "off": {
        "I": 1.0090642979137272,
        "V": 0.1111111111111111,
        "s": 13.554111111111112,
        "calls": 1.0555555555555556,
        "V_per_s": 0.008197594825678145,
        "V_per_call": 0.10526315789473684,
        "n": 18
      },
      "V_per_s_ratio_on_over_off": 25.4323261244232,
      "V_per_s_ratio_ci": [
        10.871981717684013,
        60.85583958231564
      ],
      "V_per_call_ratio_on_over_off": 8.382352941176471,
      "V_per_call_ratio_ci": [
        3.2935098039215682,
        19.833333333333332
      ]
    },
    {
      "model": "mistral-7b-ollama",
      "on": {
        "I": 6.358666398930777e-302,
        "V": 0.1111111111111111,
        "s": 10.931666666666667,
        "calls": 0.0,
        "V_per_s": 0.010164151039284443,
        "V_per_call": 0.0,
        "n": 18
      },
      "off": {
        "I": 6.358666398930777e-302,
        "V": 0.16666666666666666,
        "s": 13.683944444444446,
        "calls": 0.0,
        "V_per_s": 0.012179724007453988,
        "V_per_call": 0.0,
        "n": 18
      },
      "V_per_s_ratio_on_over_off": 0.8345140688790638,
      "V_per_s_ratio_ci": [
        0.0,
        1.4928185758370804
      ],
      "V_per_call_ratio_on_over_off": null,
      "V_per_call_ratio_ci": [
        NaN,
        NaN
      ]
    },
    {
      "model": "qwen2.5-1.5b-ollama",
      "on": {
        "I": 1.1474483615963353,
        "V": 0.7777777777777778,
        "s": 1.5474444444444444,
        "calls": 0.7777777777777778,
        "V_per_s": 0.502620808501472,
        "V_per_call": 1.0,
        "n": 18
      },
      "off": {
        "I": 0.9305422741428049,
        "V": 0.16666666666666666,
        "s": 2.3278333333333334,
        "calls": 0.8333333333333334,
        "V_per_s": 0.07159733657907925,
        "V_per_call": 0.19999999999999998,
        "n": 18
      },
      "V_per_s_ratio_on_over_off": 7.020104832340059,
      "V_per_s_ratio_ci": [
        2.4685303467139135,
        29.331369619524178
      ],
      "V_per_call_ratio_on_over_off": 5.0,
      "V_per_call_ratio_ci": [
        2.4,
        16.0
      ]
    },
    {
      "model": "qwen2.5-3b-ollama",
      "on": {
        "I": 1.3014810683874343,
        "V": 0.8333333333333334,
        "s": 2.246277777777778,
        "calls": 0.9444444444444444,
        "V_per_s": 0.37098409714836894,
        "V_per_call": 0.8823529411764707,
        "n": 18
      },
      "off": {
        "I": 1.1340276633845734,
        "V": 0.16666666666666666,
        "s": 6.135277777777778,
        "calls": 1.2777777777777777,
        "V_per_s": 0.027165300855706977,
        "V_per_call": 0.13043478260869565,
        "n": 18
      },
      "V_per_s_ratio_on_over_off": 13.65654292286004,
      "V_per_s_ratio_ci": [
        5.5689314842626,
        50.737901676279556
      ],
      "V_per_call_ratio_on_over_off": 6.764705882352942,
      "V_per_call_ratio_ci": [
        2.6250000000000004,
        24.5470588235294
      ]
    },
    {
      "model": "qwen2.5-7b-ollama",
      "on": {
        "I": 1.3014810683874343,
        "V": 0.8888888888888888,
        "s": 4.349888888888889,
        "calls": 0.8888888888888888,
        "V_per_s": 0.20434749291169635,
        "V_per_call": 1.0,
        "n": 18
      },
      "off": {
        "I": 1.1340276633845736,
        "V": 0.1111111111111111,
        "s": 7.992277777777778,
        "calls": 1.1111111111111112,
        "V_per_s": 0.013902308478322824,
        "V_per_call": 0.09999999999999999,
        "n": 18
      },
      "V_per_s_ratio_on_over_off": 14.698817338884774,
      "V_per_s_ratio_ci": [
        4.9128582330772055,
        42.661485233385235
      ],
      "V_per_call_ratio_on_over_off": 10.0,
      "V_per_call_ratio_ci": [
        3.75,
        25.411764705882355
      ]
    }
  ],
  "claim1": {
    "pearson_r": 0.9973956744061053,
    "ci": [
      0.7905694150420953,
      1.0
    ],
    "n_models": 5,
    "models": [
      "llama3.1-8b-ollama",
      "mistral-7b-ollama",
      "qwen2.5-1.5b-ollama",
      "qwen2.5-3b-ollama",
      "qwen2.5-7b-ollama"
    ],
    "I": [
      1.3014810683874343,
      6.358666398930777e-302,
      1.1474483615963353,
      1.3014810683874343,
      1.3014810683874343
    ],
    "V": [
      0.8333333333333334,
      0.1111111111111111,
      0.7777777777777778,
      0.8333333333333334,
      0.8888888888888888
    ]
  },
  "claim2": [
    {
      "model": "llama3.1-8b-ollama",
      "on": {
        "I": 1.3014810683874343,
        "V": 0.8333333333333334,
        "s": 3.9971111111111113,
        "calls": 0.9444444444444444,
        "V_per_s": 0.20848390504253073,
        "V_per_call": 0.8823529411764707,
        "n": 18
      },
      "off": {
        "I": 1.0090642979137272,
        "V": 0.1111111111111111,
        "s": 13.554111111111112,
        "calls": 1.0555555555555556,
        "V_per_s": 0.008197594825678145,
        "V_per_call": 0.10526315789473684,
        "n": 18
      },
      "V_per_s_ratio_on_over_off": 25.4323261244232,
      "V_per_s_ratio_ci": [
        10.871981717684013,
        60.85583958231564
      ],
      "V_per_call_ratio_on_over_off": 8.382352941176471,
      "V_per_call_ratio_ci": [
        3.2935098039215682,
        19.833333333333332
      ]
    },
    {
      "model": "mistral-7b-ollama",
      "on": {
        "I": 6.358666398930777e-302,
        "V": 0.1111111111111111,
        "s": 10.931666666666667,
        "calls": 0.0,
        "V_per_s": 0.010164151039284443,
        "V_per_call": 0.0,
        "n": 18
      },
      "off": {
        "I": 6.358666398930777e-302,
        "V": 0.16666666666666666,
        "s": 13.683944444444446,
        "calls": 0.0,
        "V_per_s": 0.012179724007453988,
        "V_per_call": 0.0,
        "n": 18
      },
      "V_per_s_ratio_on_over_off": 0.8345140688790638,
      "V_per_s_ratio_ci": [
        0.0,
        1.4928185758370804
      ],
      "V_per_call_ratio_on_over_off": null,
      "V_per_call_ratio_ci": [
        NaN,
        NaN
      ]
    },
    {
      "model": "qwen2.5-1.5b-ollama",
      "on": {
        "I": 1.1474483615963353,
        "V": 0.7777777777777778,
        "s": 1.5474444444444444,
        "calls": 0.7777777777777778,
        "V_per_s": 0.502620808501472,
        "V_per_call": 1.0,
        "n": 18
      },
      "off": {
        "I": 0.9305422741428049,
        "V": 0.16666666666666666,
        "s": 2.3278333333333334,
        "calls": 0.8333333333333334,
        "V_per_s": 0.07159733657907925,
        "V_per_call": 0.19999999999999998,
        "n": 18
      },
      "V_per_s_ratio_on_over_off": 7.020104832340059,
      "V_per_s_ratio_ci": [
        2.4685303467139135,
        29.331369619524178
      ],
      "V_per_call_ratio_on_over_off": 5.0,
      "V_per_call_ratio_ci": [
        2.4,
        16.0
      ]
    },
    {
      "model": "qwen2.5-3b-ollama",
      "on": {
        "I": 1.3014810683874343,
        "V": 0.8333333333333334,
        "s": 2.246277777777778,
        "calls": 0.9444444444444444,
        "V_per_s": 0.37098409714836894,
        "V_per_call": 0.8823529411764707,
        "n": 18
      },
      "off": {
        "I": 1.1340276633845734,
        "V": 0.16666666666666666,
        "s": 6.135277777777778,
        "calls": 1.2777777777777777,
        "V_per_s": 0.027165300855706977,
        "V_per_call": 0.13043478260869565,
        "n": 18
      },
      "V_per_s_ratio_on_over_off": 13.65654292286004,
      "V_per_s_ratio_ci": [
        5.5689314842626,
        50.737901676279556
      ],
      "V_per_call_ratio_on_over_off": 6.764705882352942,